token,mean,count,success_rate
Fork Chain,0.898,5256,89.8
Louber Gronger,0.334,998,33.4
Chin,0.143,5614,14.299999999999999
Anal Intelligence,0.112,2554,11.200000000000001
Goonpocalypse,0.107,3464,10.7
Cabal,0.098,2907,9.8
a retarded token,0.097,4876,9.700000000000001
Gake,0.09,5062,9.0
This will bait the retail,0.089,2674,8.9
